nlay,nrow,ncol,elevation
0,130,267,1600.7779541015625
0,131,266,1600.785888671875
0,131,267,1600.7843017578125
0,131,268,1600.78125
0,131,269,1600.7799072265625
0,131,270,1600.77783203125
0,132,266,1600.7908935546875
0,132,267,1600.7879638671875
0,132,268,1600.78369140625
0,132,269,1600.781982421875
0,132,270,1600.7791748046875
0,132,271,1600.7779541015625
0,132,272,1600.7760009765625
0,132,273,1600.7747802734375
0,132,274,1600.7735595703125
0,133,265,1600.81591796875
0,133,266,1600.8026123046875
0,133,267,1600.796875
0,133,268,1600.7894287109375
0,133,269,1600.78662109375
0,133,270,1600.7823486328125
0,133,271,1600.7803955078125
0,133,272,1600.7774658203125
0,133,273,1600.776123046875
0,133,274,1600.774169921875
0,133,275,1600.773193359375
0,133,276,1600.77294921875
0,134,264,1600.8328857421875
0,134,265,1600.8253173828125
0,134,266,1600.808837890625
0,134,267,1600.80224609375
0,134,268,1600.7928466796875
0,134,269,1600.7891845703125
0,134,270,1600.783935546875
0,134,271,1600.78173828125
0,134,272,1600.7783203125
0,134,273,1600.77685546875
0,134,274,1600.774658203125
0,135,262,1600.8824462890625
0,135,263,1600.8721923828125
0,135,264,1600.85302734375
0,135,265,1600.8424072265625
0,135,266,1600.8228759765625
0,135,267,1600.814208984375
0,135,268,1600.8011474609375
0,135,269,1600.7960205078125
0,135,270,1600.78759765625
0,135,271,1600.7840576171875
0,136,247,1601.239990234375
0,136,248,1601.23974609375
0,136,249,1601.2398681640625
0,136,250,1601.23974609375
0,136,251,1601.23974609375
0,136,252,1601.2396240234375
0,136,261,1600.8997802734375
0,136,262,1600.888671875
0,136,263,1600.8807373046875
0,136,264,1600.8612060546875
0,136,265,1600.8507080078125
0,136,266,1600.83056640625
0,136,267,1600.82080078125
0,136,268,1600.806396484375
0,136,269,1600.80029296875
0,137,246,1601.2398681640625
0,137,247,1601.239990234375
0,137,248,1601.239990234375
0,137,249,1601.2398681640625
0,137,250,1601.23974609375
0,137,251,1601.239501953125
0,137,252,1601.239501953125
0,137,260,1600.9166259765625
0,137,261,1600.91455078125
0,137,262,1600.90283203125
0,137,263,1600.8951416015625
0,137,264,1600.8765869140625
0,137,265,1600.8665771484375
0,137,266,1600.844970703125
0,137,267,1600.834228515625
0,137,268,1600.81591796875
0,138,245,1601.239990234375
0,138,246,1601.240234375
0,138,247,1601.239990234375
0,138,248,1601.2398681640625
0,138,249,1601.23974609375
0,138,250,1601.2398681640625
0,138,251,1601.239501953125
0,138,252,1601.239501953125
0,138,253,1601.239501953125
0,138,260,1600.927490234375
0,138,261,1600.925048828125
0,138,262,1600.911865234375
0,138,263,1600.90380859375
0,138,264,1600.884521484375
0,138,265,1600.874267578125
0,138,266,1600.85205078125
0,138,267,1600.840087890625
0,139,245,1601.240478515625
0,139,246,1601.240478515625
0,139,247,1601.240234375
0,139,248,1601.239990234375
0,139,249,1601.2398681640625
0,139,250,1601.2398681640625
0,139,251,1601.239501953125
0,139,252,1601.2393798828125
0,139,253,1601.2392578125
0,139,254,1601.2391357421875
0,139,260,1600.9674072265625
0,139,261,1600.9591064453125
0,139,262,1600.936279296875
0,139,263,1600.9246826171875
0,139,264,1600.902099609375
0,139,265,1600.890869140625
0,140,245,1601.2410888671875
0,140,246,1601.24072265625
0,140,247,1601.240478515625
0,140,248,1601.2403564453125
0,140,249,1601.239990234375
0,140,250,1601.2398681640625
0,140,251,1601.2393798828125
0,140,252,1601.2392578125
0,140,253,1601.23876953125
0,140,254,1601.238525390625
0,140,260,1601.024658203125
0,140,261,1601.0040283203125
0,140,262,1600.966064453125
0,140,263,1600.9486083984375
0,141,245,1601.241455078125
0,141,246,1601.2412109375
0,141,247,1601.24072265625
0,141,248,1601.240478515625
0,141,249,1601.2398681640625
0,141,250,1601.23974609375
0,141,251,1601.2392578125
0,141,252,1601.2391357421875
0,141,253,1601.2384033203125
0,141,254,1601.2381591796875
0,141,259,1601.0968017578125
0,141,260,1601.0511474609375
0,141,261,1601.0274658203125
0,141,262,1600.97998046875
0,142,244,1601.2430419921875
0,142,245,1601.2423095703125
0,142,246,1601.2420654296875
0,142,247,1601.241455078125
0,142,248,1601.2410888671875
0,142,249,1601.2403564453125
0,142,250,1601.239990234375
0,142,251,1601.2392578125
0,142,252,1601.23876953125
0,142,253,1601.237548828125
0,142,254,1601.236572265625
0,142,255,1601.23095703125
0,142,256,1601.2252197265625
0,142,257,1601.1986083984375
0,142,258,1601.1639404296875
0,142,259,1601.143310546875
0,142,260,1601.099853515625
0,142,261,1601.074462890625
0,143,243,1601.244384765625
0,143,244,1601.243896484375
0,143,245,1601.242919921875
0,143,246,1601.2425537109375
0,143,247,1601.24169921875
0,143,248,1601.241455078125
0,143,249,1601.240478515625
0,143,250,1601.2401123046875
0,143,251,1601.2391357421875
0,143,252,1601.238525390625
0,143,253,1601.23681640625
0,143,254,1601.235595703125
0,143,255,1601.229248046875
0,143,256,1601.223876953125
0,143,257,1601.205078125
0,143,258,1601.1768798828125
0,143,259,1601.1607666015625
0,143,260,1601.11962890625
0,144,243,1601.24609375
0,144,244,1601.245361328125
0,144,245,1601.244140625
0,144,246,1601.24365234375
0,144,247,1601.24267578125
0,144,248,1601.241943359375
0,144,249,1601.2410888671875
0,144,250,1601.2406005859375
0,144,251,1601.2392578125
0,144,252,1601.238525390625
0,144,253,1601.236572265625
0,144,254,1601.235107421875
0,144,255,1601.2298583984375
0,144,256,1601.22607421875
0,144,257,1601.214599609375
0,144,258,1601.1973876953125
0,144,259,1601.18603515625
0,145,242,1601.2486572265625
0,145,243,1601.2470703125
0,145,244,1601.246337890625
0,145,245,1601.2449951171875
0,145,246,1601.244384765625
0,145,247,1601.2430419921875
0,145,248,1601.242431640625
0,145,249,1601.2413330078125
0,145,250,1601.2408447265625
0,145,251,1601.2396240234375
0,145,252,1601.23876953125
0,145,253,1601.2366943359375
0,145,254,1601.2354736328125
0,145,255,1601.23095703125
0,145,256,1601.22802734375
0,145,257,1601.2191162109375
0,145,258,1601.2056884765625
0,145,259,1601.19677734375
0,146,240,1601.251220703125
0,146,241,1601.2506103515625
0,146,242,1601.25
0,146,243,1601.24853515625
0,146,244,1601.247802734375
0,146,245,1601.246337890625
0,146,246,1601.2454833984375
0,146,247,1601.244384765625
0,146,248,1601.24365234375
0,146,249,1601.242431640625
0,146,250,1601.24169921875
0,146,251,1601.2403564453125
0,146,252,1601.2396240234375
0,146,253,1601.23779296875
0,146,254,1601.23681640625
0,146,255,1601.23388671875
0,146,256,1601.232177734375
0,146,257,1601.2275390625
0,147,240,1601.2525634765625
0,147,241,1601.251220703125
0,147,242,1601.2506103515625
0,147,243,1601.249267578125
0,147,244,1601.24853515625
0,147,245,1601.2471923828125
0,147,246,1601.2464599609375
0,147,247,1601.2451171875
0,147,248,1601.244384765625
0,147,249,1601.242919921875
0,147,250,1601.2423095703125
0,147,251,1601.24072265625
0,147,252,1601.240234375
0,147,253,1601.238525390625
0,147,254,1601.2376708984375
0,147,255,1601.2353515625
0,147,256,1601.2342529296875
0,147,257,1601.23095703125
0,148,239,1601.2545166015625
0,148,240,1601.2537841796875
0,148,241,1601.25244140625
0,148,242,1601.251953125
0,148,243,1601.250732421875
0,148,244,1601.25
0,148,245,1601.2486572265625
0,148,246,1601.2479248046875
0,148,247,1601.2464599609375
0,148,248,1601.24560546875
0,148,249,1601.2442626953125
0,148,250,1601.2435302734375
0,148,251,1601.2421875
0,148,252,1601.241455078125
0,148,253,1601.239990234375
0,148,254,1601.2391357421875
0,148,255,1601.23779296875
0,148,256,1601.2371826171875
0,148,257,1601.2359619140625
0,149,239,1601.255615234375
0,149,240,1601.2545166015625
0,149,241,1601.25341796875
0,149,242,1601.2528076171875
0,149,243,1601.25146484375
0,149,244,1601.2508544921875
0,149,245,1601.24951171875
0,149,246,1601.248779296875
0,149,247,1601.247314453125
0,149,248,1601.2467041015625
0,149,249,1601.2449951171875
0,149,250,1601.2440185546875
0,149,251,1601.24267578125
0,149,252,1601.2420654296875
0,149,253,1601.24072265625
0,149,254,1601.2398681640625
0,149,255,1601.2388916015625
0,149,256,1601.238525390625
0,149,257,1601.2376708984375
0,150,238,1601.257568359375
0,150,239,1601.257080078125
0,150,240,1601.256103515625
0,150,241,1601.2550048828125
0,150,242,1601.25439453125
0,150,243,1601.2530517578125
0,150,244,1601.25244140625
0,150,245,1601.2510986328125
0,150,246,1601.250244140625
0,150,247,1601.248779296875
0,150,248,1601.2481689453125
0,150,249,1601.24658203125
0,150,250,1601.2457275390625
0,150,251,1601.2442626953125
0,150,252,1601.243408203125
0,150,253,1601.241943359375
0,150,254,1601.241455078125
0,150,255,1601.240478515625
0,150,256,1601.2401123046875
0,150,257,1601.2396240234375
0,151,237,1601.25927734375
0,151,238,1601.2587890625
0,151,239,1601.25830078125
0,151,240,1601.2569580078125
0,151,241,1601.255859375
0,151,242,1601.2552490234375
0,151,243,1601.25390625
0,151,244,1601.25341796875
0,151,245,1601.251953125
0,151,246,1601.2513427734375
0,151,247,1601.249755859375
0,151,248,1601.2490234375
0,151,249,1601.247314453125
0,151,250,1601.2464599609375
0,151,251,1601.244873046875
0,151,252,1601.244140625
0,151,253,1601.24267578125
0,151,254,1601.241943359375
0,151,255,1601.240966796875
0,151,256,1601.2406005859375
0,152,237,1601.2618408203125
0,152,238,1601.2607421875
0,152,239,1601.2601318359375
0,152,240,1601.2587890625
0,152,241,1601.2576904296875
0,152,242,1601.2569580078125
0,152,243,1601.2557373046875
0,152,244,1601.2550048828125
0,152,245,1601.253662109375
0,152,246,1601.2530517578125
0,152,247,1601.2515869140625
0,152,248,1601.2508544921875
0,152,249,1601.2491455078125
0,152,250,1601.248291015625
0,152,251,1601.24658203125
0,152,252,1601.24560546875
0,152,253,1601.2440185546875
0,152,254,1601.243408203125
0,152,255,1601.2421875
0,152,256,1601.2415771484375
0,153,237,1601.263916015625
0,153,238,1601.26220703125
0,153,239,1601.26123046875
0,153,240,1601.2598876953125
0,153,241,1601.258544921875
0,153,242,1601.2578125
0,153,243,1601.256591796875
0,153,244,1601.2559814453125
0,153,245,1601.254638671875
0,153,246,1601.2540283203125
0,153,247,1601.25244140625
0,153,248,1601.2515869140625
0,153,249,1601.25
0,153,250,1601.2490234375
0,153,251,1601.247314453125
0,153,252,1601.2464599609375
0,153,253,1601.2449951171875
0,153,254,1601.244140625
0,153,255,1601.2425537109375
0,153,256,1601.2418212890625
0,154,236,1601.2711181640625
0,154,237,1601.26953125
0,154,238,1601.2659912109375
0,154,239,1601.2647705078125
0,154,240,1601.2626953125
0,154,241,1601.2608642578125
0,154,242,1601.2601318359375
0,154,243,1601.258544921875
0,154,244,1601.2578125
0,154,245,1601.256591796875
0,154,246,1601.2557373046875
0,154,247,1601.2542724609375
0,154,248,1601.253662109375
0,154,249,1601.251953125
0,154,250,1601.2508544921875
0,154,251,1601.2491455078125
0,154,252,1601.248046875
0,154,253,1601.24658203125
0,154,254,1601.245849609375
0,154,255,1601.244140625
0,155,236,1601.274169921875
0,155,237,1601.2718505859375
0,155,238,1601.268310546875
0,155,239,1601.2672119140625
0,155,240,1601.264404296875
0,155,241,1601.2623291015625
0,155,242,1601.2613525390625
0,155,243,1601.259765625
0,155,244,1601.2589111328125
0,155,245,1601.2574462890625
0,155,246,1601.2568359375
0,155,247,1601.2552490234375
0,155,248,1601.2545166015625
0,155,249,1601.2530517578125
0,155,250,1601.2520751953125
0,155,251,1601.250244140625
0,155,252,1601.249267578125
0,155,253,1601.247314453125
0,155,254,1601.246337890625
0,155,255,1601.2451171875
0,156,234,1601.283935546875
0,156,235,1601.283203125
0,156,236,1601.280029296875
0,156,237,1601.277587890625
0,156,238,1601.273681640625
0,156,239,1601.27197265625
0,156,240,1601.2686767578125
0,156,241,1601.2657470703125
0,156,242,1601.264404296875
0,156,243,1601.26220703125
0,156,244,1601.2613525390625
0,156,245,1601.259521484375
0,156,246,1601.2587890625
0,156,247,1601.25732421875
0,156,248,1601.256591796875
0,156,249,1601.255126953125
0,156,250,1601.2542724609375
0,156,251,1601.25244140625
0,156,252,1601.2510986328125
0,156,253,1601.24853515625
0,157,234,1601.2882080078125
0,157,235,1601.287109375
0,157,236,1601.2833251953125
0,157,237,1601.2811279296875
0,157,238,1601.27685546875
0,157,239,1601.27490234375
0,157,240,1601.271240234375
0,157,241,1601.267822265625
0,157,242,1601.266357421875
0,157,243,1601.2637939453125
0,157,244,1601.2625732421875
0,157,245,1601.2607421875
0,157,246,1601.260009765625
0,157,247,1601.25830078125
0,157,248,1601.2578125
0,157,249,1601.25634765625
0,157,250,1601.25537109375
0,157,251,1601.2535400390625
0,157,252,1601.252197265625
0,158,234,1601.299560546875
0,158,235,1601.2984619140625
0,158,236,1601.2933349609375
0,158,237,1601.289794921875
0,158,238,1601.28466796875
0,158,239,1601.2822265625
0,158,240,1601.2777099609375
0,158,241,1601.2734375
0,158,242,1601.271484375
0,158,243,1601.267822265625
0,158,244,1601.26611328125
0,158,245,1601.263427734375
0,158,246,1601.2623291015625
0,158,247,1601.2606201171875
0,158,248,1601.259765625
0,158,249,1601.2586669921875
0,158,250,1601.258056640625
0,159,233,1601.313232421875
0,159,234,1601.310791015625
0,159,235,1601.30859375
0,159,236,1601.3035888671875
0,159,237,1601.3006591796875
0,159,238,1601.294921875
0,159,239,1601.2919921875
0,159,240,1601.286376953125
0,159,241,1601.28076171875
0,159,242,1601.2781982421875
0,159,243,1601.2734375
0,159,244,1601.27099609375
0,159,245,1601.2672119140625
0,159,246,1601.265625
0,159,247,1601.2633056640625
0,159,248,1601.262451171875
0,159,249,1601.2607421875
0,159,250,1601.2601318359375
0,160,233,1601.3172607421875
0,160,234,1601.3167724609375
0,160,235,1601.3138427734375
0,160,236,1601.30908203125
0,160,237,1601.306396484375
0,160,238,1601.30078125
0,160,239,1601.297607421875
0,160,240,1601.29150390625
0,160,241,1601.28515625
0,160,242,1601.2822265625
0,160,243,1601.27685546875
0,160,244,1601.2740478515625
0,160,245,1601.26953125
0,160,246,1601.2677001953125
0,160,247,1601.2647705078125
0,160,248,1601.2635498046875
0,160,249,1601.2618408203125
0,160,250,1601.26123046875
0,161,233,1601.32861328125
0,161,234,1601.3272705078125
0,161,235,1601.3255615234375
0,161,236,1601.320068359375
0,161,237,1601.3177490234375
0,161,238,1601.312255859375
0,161,239,1601.30908203125
0,161,240,1601.3028564453125
0,161,241,1601.2957763671875
0,161,242,1601.292236328125
0,161,243,1601.285400390625
0,161,244,1601.2821044921875
0,161,245,1601.2760009765625
0,161,246,1601.273193359375
0,161,247,1601.2686767578125
0,161,248,1601.2667236328125
0,161,249,1601.2640380859375
0,162,232,1601.3370361328125
0,162,233,1601.3350830078125
0,162,234,1601.331787109375
0,162,235,1601.3299560546875
0,162,236,1601.3258056640625
0,162,237,1601.323486328125
0,162,238,1601.3179931640625
0,162,239,1601.31494140625
0,162,240,1601.3084716796875
0,162,241,1601.3013916015625
0,162,242,1601.2977294921875
0,162,243,1601.2900390625
0,162,244,1601.28662109375
0,162,245,1601.2796630859375
0,162,246,1601.276611328125
0,162,247,1601.2711181640625
0,162,248,1601.2686767578125
0,163,232,1601.3475341796875
0,163,233,1601.34619140625
0,163,234,1601.343505859375
0,163,235,1601.341552734375
0,163,236,1601.3372802734375
0,163,237,1601.3348388671875
0,163,238,1601.3294677734375
0,163,239,1601.3262939453125
0,163,240,1601.3197021484375
0,163,241,1601.3126220703125
0,163,242,1601.3087158203125
0,163,243,1601.300537109375
0,163,244,1601.29638671875
0,163,245,1601.288330078125
0,163,246,1601.2845458984375
0,163,247,1601.2777099609375
0,164,232,1601.3538818359375
0,164,233,1601.352783203125
0,164,234,1601.3507080078125
0,164,235,1601.347412109375
0,164,236,1601.3428955078125
0,164,237,1601.340576171875
0,164,238,1601.3349609375
0,164,239,1601.33203125
0,164,240,1601.325439453125
0,164,241,1601.318115234375
0,164,242,1601.31396484375
0,164,243,1601.3056640625
0,164,244,1601.301513671875
0,164,245,1601.292724609375
0,164,246,1601.28857421875
0,165,232,1601.36572265625
0,165,233,1601.3642578125
0,165,234,1601.3607177734375
0,165,235,1601.3590087890625
0,165,236,1601.354736328125
0,165,237,1601.3521728515625
0,165,238,1601.3466796875
0,165,239,1601.34375
0,165,240,1601.3369140625
0,165,241,1601.3291015625
0,165,242,1601.324951171875
0,165,243,1601.3160400390625
0,165,244,1601.311279296875
0,165,245,1601.3011474609375
0,165,246,1601.2958984375
0,166,232,1601.370849609375
0,166,233,1601.36962890625
0,166,234,1601.36669921875
0,166,235,1601.36474609375
0,166,236,1601.3603515625
0,166,237,1601.3580322265625
0,166,238,1601.3525390625
0,166,239,1601.3494873046875
0,166,240,1601.3427734375
0,166,241,1601.334716796875
0,166,242,1601.3304443359375
0,166,243,1601.3211669921875
0,166,244,1601.3162841796875
0,167,231,1601.382080078125
0,167,232,1601.381103515625
0,167,233,1601.3804931640625
0,167,234,1601.378173828125
0,167,235,1601.376708984375
0,167,236,1601.3724365234375
0,167,237,1601.3702392578125
0,167,238,1601.364501953125
0,167,239,1601.361328125
0,167,240,1601.3544921875
0,167,241,1601.346923828125
0,167,242,1601.3427734375
0,167,243,1601.33154296875
0,168,231,1601.38623046875
0,168,232,1601.386474609375
0,168,233,1601.3875732421875
0,168,234,1601.384033203125
0,168,235,1601.3826904296875
0,168,236,1601.3787841796875
0,168,237,1601.3765869140625
0,168,238,1601.3707275390625
0,168,239,1601.367431640625
0,168,240,1601.360595703125
0,168,241,1601.3536376953125
0,168,242,1601.3499755859375
0,169,232,1601.39990234375
0,169,233,1601.39892578125
0,169,234,1601.3975830078125
0,169,235,1601.396484375
0,169,236,1601.392333984375
0,169,237,1601.3897705078125
0,169,238,1601.3834228515625
0,169,239,1601.3797607421875
0,169,240,1601.371826171875
0,169,241,1601.3642578125
0,169,242,1601.360595703125
0,170,232,1601.407958984375
0,170,233,1601.406494140625
0,170,234,1601.405029296875
0,170,235,1601.4036865234375
0,170,236,1601.3994140625
0,170,237,1601.396728515625
0,170,238,1601.39013671875
0,170,239,1601.3861083984375
0,170,240,1601.37744140625
0,170,241,1601.368896484375
0,171,232,1601.42236328125
0,171,233,1601.422607421875
0,171,234,1601.42138671875
0,171,235,1601.420166015625
0,171,236,1601.41552734375
0,171,237,1601.412353515625
0,171,238,1601.4049072265625
0,171,239,1601.400634765625
0,171,240,1601.3897705078125
0,172,232,1601.4315185546875
0,172,233,1601.431640625
0,172,234,1601.4305419921875
0,172,235,1601.42919921875
0,172,236,1601.424072265625
0,172,237,1601.4207763671875
0,172,238,1601.41259765625
0,172,239,1601.408203125
0,173,232,1601.4554443359375
0,173,233,1601.45361328125
0,173,234,1601.4517822265625
0,173,235,1601.449951171875
0,173,236,1601.443359375
0,173,237,1601.439208984375
0,173,238,1601.429443359375
0,173,239,1601.424072265625
0,174,232,1601.4661865234375
0,174,233,1601.4659423828125
0,174,234,1601.463623046875
0,174,235,1601.4613037109375
0,174,236,1601.4537353515625
0,174,237,1601.4490966796875
0,174,238,1601.438232421875
0,175,232,1601.4964599609375
0,175,233,1601.4945068359375
0,175,234,1601.4903564453125
0,175,235,1601.4873046875
0,175,236,1601.4775390625
0,175,237,1601.470947265625
0,176,232,1601.523681640625
0,176,233,1601.522216796875
0,176,234,1601.5184326171875
0,176,235,1601.51611328125
0,176,236,1601.50732421875
0,176,237,1601.49951171875
0,177,232,1601.5357666015625
0,177,233,1601.53515625
0,177,234,1601.532958984375
0,177,235,1601.5308837890625
0,177,236,1601.5233154296875
0,177,237,1601.515380859375
0,178,232,1601.561279296875
0,178,233,1601.5625
0,178,234,1601.5625
0,178,235,1601.561767578125
0,178,236,1601.5574951171875
0,179,232,1601.574951171875
0,179,233,1601.5770263671875
0,179,234,1601.5775146484375
0,179,235,1601.5771484375
0,179,236,1601.57421875
0,180,232,1601.6065673828125
0,180,233,1601.6104736328125
0,180,234,1601.6103515625
0,180,235,1601.609130859375
0,180,236,1601.6048583984375
0,180,237,1601.6004638671875
0,181,232,1601.6236572265625
0,181,233,1601.6292724609375
0,181,234,1601.627685546875
0,181,235,1601.6256103515625
0,181,236,1601.61865234375
0,182,232,1601.6668701171875
0,182,233,1601.668701171875
0,182,234,1601.6666259765625
0,182,235,1601.663330078125
0,183,232,1601.686767578125
0,183,233,1601.6888427734375
0,183,234,1601.6878662109375
0,183,235,1601.685302734375
0,184,232,1601.7294921875
0,184,233,1601.737060546875
0,184,234,1601.736572265625
0,184,235,1601.735595703125
0,185,232,1601.75634765625
0,185,233,1601.7625732421875
0,185,234,1601.761474609375
0,185,235,1601.7608642578125
0,186,232,1601.8095703125
0,186,233,1601.805419921875
0,186,234,1601.8060302734375
0,186,235,1601.8076171875
0,187,232,1601.82763671875
0,187,233,1601.825439453125
0,187,234,1601.830078125
0,187,235,1601.8338623046875
0,188,232,1601.9473876953125
0,188,233,1601.94580078125
0,188,234,1601.963134765625
0,188,235,1601.9781494140625
0,189,232,1602.0611572265625
0,189,233,1602.060546875
0,189,234,1602.0748291015625
0,189,235,1602.0899658203125
0,190,232,1602.265869140625
0,190,233,1602.25
0,190,234,1602.268798828125
0,190,235,1602.2852783203125
0,191,232,1602.3453369140625
0,191,233,1602.3265380859375
0,191,234,1602.35205078125
0,191,235,1602.366455078125
0,192,231,1602.5589599609375
0,192,232,1602.490966796875
0,192,233,1602.46240234375
0,192,234,1602.4989013671875
0,192,235,1602.5128173828125
0,193,230,1602.6400146484375
0,193,231,1602.649658203125
0,193,233,1602.626708984375
0,193,234,1602.6434326171875
0,193,235,1602.656494140625
0,193,236,1602.7088623046875
0,193,237,1602.7862548828125
0,194,230,1602.6673583984375
0,194,231,1602.675048828125
0,194,232,1602.689208984375
0,194,233,1602.6923828125
0,194,234,1602.705810546875
0,194,235,1602.7193603515625
0,194,236,1602.765869140625
0,194,237,1602.831787109375
0,195,230,1602.69384765625
0,195,231,1602.696044921875
0,195,232,1602.721435546875
0,195,233,1602.7508544921875
0,195,234,1602.81005859375
0,195,235,1602.83154296875
0,195,236,1602.864501953125
0,195,237,1602.884765625
0,196,230,1602.698486328125
0,196,231,1602.6988525390625
0,196,232,1602.73046875
0,196,233,1602.775634765625
0,196,234,1602.8656005859375
0,196,235,1602.890625
0,196,236,1602.9195556640625
0,196,237,1602.926513671875
0,197,230,1602.6990966796875
0,197,231,1602.6993408203125
0,197,234,1603.002685546875
0,197,235,1603.027099609375
0,197,236,1603.043212890625
0,197,237,1603.044677734375
0,198,230,1602.6990966796875
0,198,231,1602.69921875
0,198,234,1603.0755615234375
0,198,235,1603.0963134765625
0,198,236,1603.1068115234375
0,198,237,1603.107421875
0,199,229,1602.69921875
0,199,230,1602.698974609375
0,199,234,1603.199951171875
0,199,235,1603.2161865234375
0,199,236,1603.2294921875
0,199,237,1603.2333984375
0,200,229,1602.6990966796875
0,200,234,1603.2481689453125
0,200,235,1603.267822265625
0,200,236,1603.282470703125
0,200,237,1603.286376953125
0,201,235,1603.360107421875
0,201,236,1603.36865234375
0,201,237,1603.371826171875
0,202,235,1603.4051513671875
0,202,236,1603.4051513671875
0,202,237,1603.406982421875
0,203,234,1603.4801025390625
0,203,235,1603.47412109375
0,203,236,1603.4649658203125
0,203,237,1603.465087890625
0,204,234,1603.4984130859375
0,204,235,1603.4945068359375
0,204,236,1603.4876708984375
0,204,237,1603.4869384765625
0,205,234,1603.52197265625
0,205,235,1603.525634765625
0,205,236,1603.5279541015625
0,205,237,1603.527099609375
0,206,234,1603.53759765625
0,206,235,1603.5457763671875
0,206,236,1603.55224609375
0,206,237,1603.55224609375
0,207,234,1603.595703125
0,207,235,1603.61279296875
0,207,236,1603.622802734375
0,207,237,1603.6251220703125
0,208,235,1603.6507568359375
0,208,236,1603.6629638671875
0,208,237,1603.666259765625
0,209,235,1603.8006591796875
0,209,236,1603.820556640625
0,209,237,1603.82470703125
0,210,235,1604.085205078125
0,210,236,1604.091796875
0,210,237,1604.1005859375
0,211,235,1604.2174072265625
0,211,236,1604.2174072265625
0,211,237,1604.22900390625
0,212,235,1604.40771484375
0,212,236,1604.4056396484375
0,212,237,1604.410400390625
0,213,235,1604.4881591796875
0,213,236,1604.47802734375
0,213,237,1604.4781494140625
0,214,234,1604.614013671875
0,214,235,1604.605224609375
0,214,236,1604.58544921875
0,214,237,1604.5810546875
0,215,234,1604.6510009765625
0,215,235,1604.64208984375
0,215,236,1604.62353515625
0,215,237,1604.6192626953125
0,216,233,1604.704345703125
0,216,234,1604.6925048828125
0,216,235,1604.68505859375
0,216,236,1604.673583984375
0,216,237,1604.6702880859375
0,216,238,1604.6697998046875
0,217,233,1604.71533203125
0,217,234,1604.7044677734375
0,217,235,1604.6988525390625
0,217,236,1604.690185546875
0,217,237,1604.6878662109375
0,217,238,1604.6890869140625
0,217,239,1604.6915283203125
0,218,230,1604.7413330078125
0,218,231,1604.738525390625
0,218,232,1604.7318115234375
0,218,233,1604.727783203125
0,218,234,1604.7200927734375
0,218,235,1604.716552734375
0,218,236,1604.71142578125
0,218,237,1604.7099609375
0,218,238,1604.7088623046875
0,218,239,1604.708251953125
0,218,240,1604.7071533203125
0,219,228,1604.7462158203125
0,219,229,1604.745361328125
0,219,230,1604.742919921875
0,219,231,1604.740966796875
0,219,232,1604.735595703125
0,219,233,1604.732177734375
0,219,234,1604.7259521484375
0,219,235,1604.72314453125
0,219,236,1604.7193603515625
0,219,237,1604.718017578125
0,219,238,1604.7161865234375
0,219,239,1604.71435546875
0,219,240,1604.7119140625
0,220,226,1604.7496337890625
0,220,227,1604.7493896484375
0,220,228,1604.7479248046875
0,220,229,1604.7470703125
0,220,230,1604.74462890625
0,220,231,1604.743408203125
0,220,232,1604.7398681640625
0,220,233,1604.738037109375
0,220,234,1604.7342529296875
0,220,235,1604.732666015625
0,220,236,1604.7301025390625
0,220,237,1604.7294921875
0,220,238,1604.728759765625
0,220,239,1604.727294921875
0,221,226,1604.750244140625
0,221,227,1604.749755859375
0,221,228,1604.74853515625
0,221,229,1604.7476806640625
0,221,230,1604.745849609375
0,221,231,1604.74462890625
0,221,232,1604.7418212890625
0,221,233,1604.740478515625
0,221,234,1604.7374267578125
0,221,235,1604.736328125
0,221,236,1604.7342529296875
0,221,237,1604.7337646484375
0,221,238,1604.7333984375
0,221,239,1604.73291015625
0,222,226,1604.751220703125
0,222,227,1604.7508544921875
0,222,228,1604.7498779296875
0,222,229,1604.749267578125
0,222,230,1604.747802734375
0,222,231,1604.746826171875
0,222,232,1604.7451171875
0,222,233,1604.7442626953125
0,222,234,1604.742431640625
0,222,235,1604.741455078125
0,222,236,1604.740478515625
0,222,237,1604.739990234375
0,222,238,1604.739501953125
0,223,211,1604.76611328125
0,223,212,1604.76611328125
0,223,226,1604.7518310546875
0,223,227,1604.7515869140625
0,223,228,1604.7506103515625
0,223,229,1604.7501220703125
0,223,230,1604.748779296875
0,223,231,1604.7479248046875
0,223,232,1604.74658203125
0,223,233,1604.745849609375
0,223,234,1604.744384765625
0,223,235,1604.7437744140625
0,223,236,1604.742919921875
0,223,237,1604.74267578125
0,223,238,1604.7421875
0,224,207,1604.7662353515625
0,224,208,1604.76611328125
0,224,209,1604.76611328125
0,224,210,1604.76611328125
0,224,211,1604.76611328125
0,224,212,1604.76611328125
0,224,213,1604.76611328125
0,224,214,1604.76611328125
0,224,225,1604.754150390625
0,224,226,1604.7532958984375
0,224,227,1604.7529296875
0,224,228,1604.752197265625
0,224,229,1604.7515869140625
0,224,230,1604.750732421875
0,224,231,1604.750244140625
0,224,232,1604.7490234375
0,224,233,1604.74853515625
0,224,234,1604.7476806640625
0,224,235,1604.7471923828125
0,224,236,1604.746826171875
0,224,237,1604.746826171875
0,224,238,1604.7469482421875
0,225,206,1604.76611328125
0,225,207,1604.766357421875
0,225,208,1604.76611328125
0,225,209,1604.7662353515625
0,225,210,1604.7662353515625
0,225,211,1604.76611328125
0,225,212,1604.76611328125
0,225,213,1604.76611328125
0,225,214,1604.7659912109375
0,225,224,1604.755615234375
0,225,225,1604.755126953125
0,225,226,1604.7542724609375
0,225,227,1604.7537841796875
0,225,228,1604.7529296875
0,225,229,1604.75244140625
0,225,230,1604.7515869140625
0,225,231,1604.7510986328125
0,225,232,1604.750244140625
0,225,233,1604.7496337890625
0,225,234,1604.7490234375
0,225,235,1604.748779296875
0,225,236,1604.74853515625
0,225,237,1604.74853515625
0,225,238,1604.748779296875
0,226,206,1604.7662353515625
0,226,207,1604.76611328125
0,226,208,1604.7662353515625
0,226,209,1604.7662353515625
0,226,210,1604.76611328125
0,226,211,1604.7662353515625
0,226,212,1604.76611328125
0,226,213,1604.76611328125
0,226,214,1604.76611328125
0,226,215,1604.765869140625
0,226,216,1604.7657470703125
0,226,224,1604.757568359375
0,226,225,1604.7568359375
0,226,226,1604.7557373046875
0,226,227,1604.75537109375
0,226,228,1604.75439453125
0,226,229,1604.7540283203125
0,226,230,1604.753173828125
0,226,231,1604.7528076171875
0,226,232,1604.752197265625
0,226,233,1604.7518310546875
0,226,234,1604.7513427734375
0,226,235,1604.7510986328125
0,226,236,1604.7509765625
0,226,237,1604.7509765625
0,226,238,1604.75146484375
0,226,239,1604.75146484375
0,227,208,1604.76611328125
0,227,209,1604.7662353515625
0,227,210,1604.76611328125
0,227,211,1604.76611328125
0,227,212,1604.7659912109375
0,227,213,1604.76611328125
0,227,214,1604.765869140625
0,227,215,1604.7657470703125
0,227,216,1604.7657470703125
0,227,217,1604.765380859375
0,227,218,1604.7652587890625
0,227,221,1604.7623291015625
0,227,222,1604.7618408203125
0,227,223,1604.76025390625
0,227,224,1604.759033203125
0,227,225,1604.75830078125
0,227,226,1604.75732421875
0,227,227,1604.7568359375
0,227,228,1604.7559814453125
0,227,229,1604.755615234375
0,227,230,1604.7548828125
0,227,231,1604.7545166015625
0,227,232,1604.75390625
0,227,233,1604.7535400390625
0,227,234,1604.7529296875
0,227,235,1604.7529296875
0,227,236,1604.7528076171875
0,227,237,1604.7528076171875
0,227,238,1604.7530517578125
0,227,239,1604.7530517578125
0,228,210,1604.76611328125
0,228,211,1604.76611328125
0,228,212,1604.76611328125
0,228,213,1604.76611328125
0,228,214,1604.7659912109375
0,228,215,1604.765869140625
0,228,216,1604.7657470703125
0,228,217,1604.765380859375
0,228,218,1604.7652587890625
0,228,219,1604.7637939453125
0,228,220,1604.76318359375
0,228,221,1604.762451171875
0,228,222,1604.761962890625
0,228,223,1604.7606201171875
0,228,224,1604.759521484375
0,228,225,1604.7589111328125
0,228,226,1604.7579345703125
0,228,227,1604.757568359375
0,228,228,1604.756591796875
0,228,229,1604.7562255859375
0,228,230,1604.7554931640625
0,228,231,1604.7552490234375
0,228,232,1604.7547607421875
0,228,233,1604.7542724609375
0,228,234,1604.75390625
0,228,235,1604.75390625
0,228,236,1604.7535400390625
0,228,237,1604.75341796875
0,228,238,1604.7535400390625
0,228,239,1604.753662109375
0,228,240,1604.753662109375
0,229,212,1604.76611328125
0,229,213,1604.76611328125
0,229,214,1604.7659912109375
0,229,215,1604.765869140625
0,229,216,1604.765625
0,229,217,1604.7652587890625
0,229,218,1604.7650146484375
0,229,219,1604.76416015625
0,229,220,1604.763671875
0,229,221,1604.762939453125
0,229,222,1604.762451171875
0,229,223,1604.7613525390625
0,229,224,1604.760498046875
0,229,225,1604.7598876953125
0,229,226,1604.759033203125
0,229,227,1604.7584228515625
0,229,228,1604.7579345703125
0,229,229,1604.757568359375
0,229,230,1604.7568359375
0,229,231,1604.756591796875
0,229,232,1604.7559814453125
0,229,233,1604.7557373046875
0,229,234,1604.755126953125
0,229,235,1604.755126953125
0,229,236,1604.7547607421875
0,229,237,1604.7547607421875
0,229,238,1604.7545166015625
0,229,239,1604.7545166015625
0,229,240,1604.7542724609375
0,230,215,1604.7657470703125
0,230,216,1604.765625
0,230,217,1604.7652587890625
0,230,218,1604.764892578125
0,230,219,1604.764404296875
0,230,220,1604.763916015625
0,230,221,1604.76318359375
0,230,222,1604.7626953125
0,230,223,1604.7618408203125
0,230,224,1604.7608642578125
0,230,225,1604.7603759765625
0,230,226,1604.759521484375
0,230,227,1604.75927734375
0,230,228,1604.7584228515625
0,230,229,1604.758056640625
0,230,230,1604.7574462890625
0,230,231,1604.7572021484375
0,230,232,1604.756591796875
0,230,233,1604.75634765625
0,230,234,1604.7559814453125
0,230,235,1604.7557373046875
0,230,236,1604.7554931640625
0,230,237,1604.75537109375
0,230,238,1604.7550048828125
0,230,239,1604.7548828125
0,230,240,1604.754638671875
0,231,217,1604.76513671875
0,231,218,1604.7650146484375
0,231,219,1604.764404296875
0,231,220,1604.76416015625
0,231,221,1604.763427734375
0,231,222,1604.76318359375
0,231,223,1604.762451171875
0,231,224,1604.76171875
0,231,225,1604.76123046875
0,231,226,1604.7606201171875
0,231,227,1604.76025390625
0,231,228,1604.759521484375
0,231,229,1604.7591552734375
0,231,230,1604.758544921875
0,231,231,1604.7581787109375
0,231,232,1604.7576904296875
0,231,233,1604.757568359375
0,231,234,1604.757080078125
0,231,235,1604.7568359375
0,231,236,1604.756591796875
0,231,237,1604.7564697265625
0,231,238,1604.756103515625
0,231,239,1604.756103515625
0,232,219,1604.7646484375
0,232,220,1604.7642822265625
0,232,221,1604.7635498046875
0,232,222,1604.763427734375
0,232,223,1604.7625732421875
0,232,224,1604.761962890625
0,232,225,1604.76171875
0,232,226,1604.760986328125
0,232,227,1604.7606201171875
0,232,228,1604.760009765625
0,232,229,1604.759765625
0,232,230,1604.7591552734375
0,232,231,1604.7587890625
0,232,232,1604.75830078125
0,232,233,1604.7581787109375
0,232,234,1604.757568359375
0,232,235,1604.757568359375
0,232,236,1604.757080078125
0,232,237,1604.7569580078125
0,232,238,1604.7567138671875
0,232,239,1604.7567138671875
0,233,222,1604.7637939453125
0,233,223,1604.76318359375
0,233,224,1604.762451171875
0,233,225,1604.7620849609375
0,233,226,1604.76171875
0,233,227,1604.7613525390625
0,233,228,1604.7608642578125
0,233,229,1604.7606201171875
0,233,230,1604.760009765625
0,233,231,1604.759765625
0,233,232,1604.75927734375
0,233,233,1604.75927734375
0,233,234,1604.7586669921875
0,233,235,1604.758544921875
0,233,236,1604.7581787109375
0,233,237,1604.758056640625
0,233,238,1604.7578125
0,233,239,1604.75732421875
0,234,224,1604.7628173828125
0,234,225,1604.7625732421875
0,234,226,1604.761962890625
0,234,227,1604.76171875
0,234,228,1604.7611083984375
0,234,229,1604.760986328125
0,234,230,1604.7603759765625
0,234,231,1604.76025390625
0,234,232,1604.7598876953125
0,234,233,1604.759521484375
0,234,234,1604.7591552734375
0,234,235,1604.759033203125
0,234,236,1604.7587890625
0,234,237,1604.758544921875
0,234,238,1604.75830078125
0,234,239,1604.7579345703125
0,235,227,1604.762451171875
0,235,228,1604.7618408203125
0,235,229,1604.76171875
0,235,230,1604.76123046875
0,235,231,1604.7611083984375
0,235,232,1604.7607421875
0,235,233,1604.760498046875
0,235,234,1604.76025390625
0,235,235,1604.7598876953125
0,235,236,1604.759765625
0,235,237,1604.759521484375
0,235,238,1604.75927734375
0,235,239,1604.759033203125
0,236,229,1604.7620849609375
0,236,230,1604.76171875
0,236,231,1604.7613525390625
0,236,232,1604.760986328125
0,236,233,1604.7608642578125
0,236,234,1604.760498046875
0,236,235,1604.760498046875
0,236,236,1604.760009765625
0,236,237,1604.760009765625
0,236,238,1604.759765625
0,237,231,1604.76220703125
0,237,232,1604.7618408203125
0,237,233,1604.76171875
0,237,234,1604.761474609375
0,237,235,1604.7611083984375
0,237,236,1604.7608642578125
0,237,237,1604.7608642578125
0,237,238,1604.760498046875
0,238,234,1604.7618408203125
0,238,235,1604.761474609375
0,238,236,1604.76123046875
0,238,237,1604.76123046875
0,239,236,1604.761962890625
0,239,237,1604.76171875
